product_name,brand,store_slug,category,gender,description,image_url,product_url,price,original_price,currency,availability,colour_name,colour_hex,season_tags,subseason_tags,active
Nisa 2.0 in Carafe,TudungPeople,tudungpeople,scarves,women,Signatures,https://cdn.shopify.com/s/files/1/0260/2821/2269/files/Carafe_SQ_b.jpg?v=1785911467,https://tudungpeople.com/products/nisa-2-0-in-carafe,69.00,69.00,MYR,in_stock,Carafe,#342525,autumn,deep-autumn,true
Nisa 2.0 in Prune,TudungPeople,tudungpeople,scarves,women,Signatures,https://cdn.shopify.com/s/files/1/0260/2821/2269/files/Prune_SQ_b.jpg?v=1785911467,https://tudungpeople.com/products/nisa-2-0-in-prune,69.00,69.00,MYR,in_stock,Prune,#4d2734,winter,deep-winter,true
Nisa 2.0 in Sandy,TudungPeople,tudungpeople,scarves,women,Signatures,https://cdn.shopify.com/s/files/1/0260/2821/2269/files/SandySQa.jpg?v=1725172355,https://tudungpeople.com/products/nisa-2-in-sandy,69.00,69.00,MYR,in_stock,Sandy,#cdac9e,summer,,true
Niya Chiffon 2.0 in Chocolate,TudungPeople,tudungpeople,hijabs,women,Instants,https://cdn.shopify.com/s/files/1/0260/2821/2269/files/Chocolatea_4d2d7576-6492-420c-bd47-da1dd09bba8e.jpg?v=1785910988,https://tudungpeople.com/products/niya-chiffon-2-0-in-chocolate,79.00,79.00,MYR,in_stock,Chocolate,#5e2d37,winter,deep-winter,true
Niya Chiffon 2.0 in Sangria,TudungPeople,tudungpeople,hijabs,women,Instants,https://cdn.shopify.com/s/files/1/0260/2821/2269/files/Sangriaa_6e1df2fa-f539-46b4-b3e7-4fb7d6e36b8a.jpg?v=1785910994,https://tudungpeople.com/products/niya-chiffon-2-0-in-sangria,79.00,79.00,MYR,in_stock,Sangria,#894655,summer,,true
Niya Chiffon 2.0 in Syrup,TudungPeople,tudungpeople,hijabs,women,Instants,https://cdn.shopify.com/s/files/1/0260/2821/2269/files/Syrupa_4968423f-6000-4473-ac66-3269988e8e44.jpg?v=1785910999,https://tudungpeople.com/products/niya-chiffon-2-0-in-syrup,79.00,79.00,MYR,in_stock,Syrup,#a55f49,autumn,,true
Niya Chiffon 2.0 in Foggy,TudungPeople,tudungpeople,hijabs,women,Instants,https://cdn.shopify.com/s/files/1/0260/2821/2269/files/Foggya_4d056977-c684-469e-95aa-20e60bbd070e.jpg?v=1785911005,https://tudungpeople.com/products/niya-chiffon-2-0-in-foggy,79.00,79.00,MYR,in_stock,Foggy,#d79373,autumn,soft-autumn,true
Niya Chiffon 2.0 in Parmesan,TudungPeople,tudungpeople,hijabs,women,Instants,https://cdn.shopify.com/s/files/1/0260/2821/2269/files/Parmesana_629a1bbf-1340-42dc-800a-c00cd44d68cc.jpg?v=1785911010,https://tudungpeople.com/products/niya-chiffon-2-0-in-parmesan,79.00,79.00,MYR,in_stock,Parmesan,#e9d4bb,spring,,true
Nisa 2.0 in Velvet,TudungPeople,tudungpeople,scarves,women,Signatures,https://cdn.shopify.com/s/files/1/0260/2821/2269/files/Velvet_SQ_b.jpg?v=1785911467,https://tudungpeople.com/products/nisa-2-0-in-velvet,69.00,69.00,MYR,in_stock,Velvet,#8c6366,summer,,true
Nisa 2.0 in Ice White,TudungPeople,tudungpeople,scarves,women,Signatures,https://cdn.shopify.com/s/files/1/0260/2821/2269/products/IceWhitea.jpg?v=1672298637,https://tudungpeople.com/products/nisa-2-in-ice-white,69.00,69.00,MYR,in_stock,Ice White,#ae7c74,autumn,soft-autumn,true
(Nano) Najwa Sport Nour - Birdie,TudungPeople,tudungpeople,hijabs,women,Active,https://cdn.shopify.com/s/files/1/0260/2821/2269/products/TudungPeople-Nano-Najwa-Sport-Nour-Birdie-a.jpg?v=1667970192,https://tudungpeople.com/products/nano-najwa-sport-nour-birdie,71.20,89.00,MYR,in_stock,Tan,#c7ac8a,autumn,soft-autumn,true
Niya Chiffon 2.0 in Tapioca,TudungPeople,tudungpeople,hijabs,women,Instants,https://cdn.shopify.com/s/files/1/0260/2821/2269/files/TudungPeople-NiyaChiffon-Tapioca-ajpg.jpg?v=1752543094,https://tudungpeople.com/products/niya-chiffon-2-0-in-tapioca,79.00,79.00,MYR,in_stock,Tapioca,#ac7255,autumn,,true
Niya Chiffon 2.0 in Milktea,TudungPeople,tudungpeople,hijabs,women,Instants,https://cdn.shopify.com/s/files/1/0260/2821/2269/files/TudungPeople-NiyaChiffon-Shawl-Milktea-b.jpg?v=1752544741,https://tudungpeople.com/products/niya-chiffon-2-0-in-milktea,79.00,79.00,MYR,in_stock,Milktea,#cf8469,autumn,soft-autumn,true
Najwa Sport Shawl - Pitcher,TudungPeople,tudungpeople,hijabs,women,Active,https://cdn.shopify.com/s/files/1/0260/2821/2269/files/TudungPeople-Shawl-Pitcher-a.jpg?v=1727397534,https://tudungpeople.com/products/najwa-sport-shawl-pitcher,79.00,79.00,MYR,in_stock,Tan,#ccafa4,summer,,true
Nisa 2.0 in Candle Light,TudungPeople,tudungpeople,scarves,women,Signatures,https://cdn.shopify.com/s/files/1/0260/2821/2269/files/CandlelightSQa.jpg?v=1723006569,https://tudungpeople.com/products/nisa-2-in-candle-light,69.00,69.00,MYR,in_stock,Candle Light,#b58579,autumn,soft-autumn,true
Nisa 2.0 in Ivory,TudungPeople,tudungpeople,scarves,women,Signatures,https://cdn.shopify.com/s/files/1/0260/2821/2269/files/IvorySQa.jpg?v=1723006675,https://tudungpeople.com/products/nisa-2-in-ivory,69.00,69.00,MYR,in_stock,Ivory,#c0a292,summer,,true
Nisa 2.0 in Cotton,TudungPeople,tudungpeople,scarves,women,Signatures,https://cdn.shopify.com/s/files/1/0260/2821/2269/files/CottonSQa_b1a43f7b-128e-4960-a839-b0b998f9c198.jpg?v=1723006588,https://tudungpeople.com/products/nisa-2-in-cotton,69.00,69.00,MYR,in_stock,Cotton,#b07c66,autumn,soft-autumn,true
Nisa 2.0 in Rosin,TudungPeople,tudungpeople,scarves,women,Signatures,https://cdn.shopify.com/s/files/1/0260/2821/2269/products/Rosina.jpg?v=1672298560,https://tudungpeople.com/products/nisa-2-in-rosin,69.00,69.00,MYR,in_stock,Rosin,#dbb5a6,summer,,true
Nisa 2.0 in Peacoat,TudungPeople,tudungpeople,scarves,women,Signatures,https://cdn.shopify.com/s/files/1/0260/2821/2269/products/Peacoata.jpg?v=1672298565,https://tudungpeople.com/products/nisa-2-in-peacoat,69.00,69.00,MYR,in_stock,Peacoat,#1c1b34,winter,,true
(Nano) Najwa Sport Basic 3.0 - Ash Brown,TudungPeople,tudungpeople,hijabs,women,Active,https://cdn.shopify.com/s/files/1/0260/2821/2269/files/TudungPeople-Najwa-Sport-Basic-Ashbrown-a.jpg?v=1785288913,https://tudungpeople.com/products/nano-najwa-sport-basic-3-0-ash-brown,89.00,89.00,MYR,unknown,Brown,#67464c,autumn,,true
(Nano) Najwa Sport Basic 3.0 - Emerald,TudungPeople,tudungpeople,hijabs,women,Active,https://cdn.shopify.com/s/files/1/0260/2821/2269/files/TudungPeople-Najwa-Sport-Basic-Emerald-a.jpg?v=1785288921,https://tudungpeople.com/products/nano-najwa-sport-basic-3-0-emerald,89.00,89.00,MYR,in_stock,Charcoal,#213130,winter,,true
(Nano) Najwa Sport Basic 3.0 - Light Blue,TudungPeople,tudungpeople,hijabs,women,Active,https://cdn.shopify.com/s/files/1/0260/2821/2269/files/TudungPeople-Najwa-Sport-Basic-Lightblue-a.jpg?v=1785288926,https://tudungpeople.com/products/nano-najwa-sport-basic-3-0-light-blue,89.00,89.00,MYR,in_stock,Tan,#cca394,autumn,soft-autumn,true
(Nano) Najwa Sport Niya 3.0 - Emerald,TudungPeople,tudungpeople,hijabs,women,Active,https://cdn.shopify.com/s/files/1/0260/2821/2269/files/TudungPeople-Najwa-Sport-Niya-Emerald-a.jpg?v=1785290374,https://tudungpeople.com/products/nano-najwa-sport-niya-3-0-emerald,89.00,89.00,MYR,unknown,Black,#182a27,winter,,true
(Nano) Najwa Sport Basic 3.0 - Maroon,TudungPeople,tudungpeople,hijabs,women,Active,https://cdn.shopify.com/s/files/1/0260/2821/2269/files/TudungPeople-Najwa-Sport-Basic-Maroon-a.jpg?v=1785288886,https://tudungpeople.com/products/nano-najwa-sport-basic-3-0-maroon,89.00,89.00,MYR,in_stock,Maroon,#67122a,autumn,,true
(Nano) Najwa Sport Basic 3.0 - Dark Purple,TudungPeople,tudungpeople,hijabs,women,Active,https://cdn.shopify.com/s/files/1/0260/2821/2269/files/TudungPeople-Najwa-Sport-Basic-DarkPurple-a.jpg?v=1785288595,https://tudungpeople.com/products/nano-najwa-sport-basic-3-0-dark-purple,89.00,89.00,MYR,in_stock,Maroon,#501e34,winter,deep-winter,true
(Nano) Najwa Sport Basic 3.0 - Dark Brown,TudungPeople,tudungpeople,hijabs,women,Active,https://cdn.shopify.com/s/files/1/0260/2821/2269/files/TudungPeople-Najwa-Sport-Basic-Darkbrown-a.jpg?v=1785288907,https://tudungpeople.com/products/nano-najwa-sport-basic-3-0-dark-brown,89.00,89.00,MYR,unknown,Maroon,#5a3c37,autumn,,true
(Nano) Najwa Sport Niya 3.0 - Maroon,TudungPeople,tudungpeople,hijabs,women,Active,https://cdn.shopify.com/s/files/1/0260/2821/2269/files/TudungPeople-Najwa-Sport-Niya-Maroon-a-1.jpg?v=1785290225,https://tudungpeople.com/products/nano-najwa-sport-niya-3-0-maroon,89.00,89.00,MYR,unknown,Maroon,#4e061b,winter,deep-winter,true
(Nano) Najwa Sport Niya 3.0 - Light Blue,TudungPeople,tudungpeople,hijabs,women,Active,https://cdn.shopify.com/s/files/1/0260/2821/2269/files/TudungPeople-Najwa-Sport-Niya-lightblue-a.jpg?v=1785290368,https://tudungpeople.com/products/nano-najwa-sport-niya-3-0-light-blue,89.00,89.00,MYR,unknown,Lilac,#a3b2cb,summer,,true
(Nano) Najwa Sport Niya 3.0 - Dark Brown,TudungPeople,tudungpeople,hijabs,women,Active,https://cdn.shopify.com/s/files/1/0260/2821/2269/files/TudungPeople-Najwa-Sport-Niya-Darkbrown-a.jpg?v=1785290237,https://tudungpeople.com/products/nano-najwa-sport-niya-3-0-dark-brown,89.00,89.00,MYR,unknown,Charcoal,#3f2824,autumn,deep-autumn,true
(Nano) Najwa Sport Niya 3.0 - Ash Brown,TudungPeople,tudungpeople,hijabs,women,Active,https://cdn.shopify.com/s/files/1/0260/2821/2269/files/TudungPeople-Najwa-Sport-Niya-Ashbrown-a.jpg?v=1785290358,https://tudungpeople.com/products/nano-najwa-sport-niya-3-0-ash-brown,89.00,89.00,MYR,unknown,Charcoal,#4e323a,autumn,,true
(Nano) Najwa Sport Lite 3.0 - Light Blue,TudungPeople,tudungpeople,hijabs,women,Active,https://cdn.shopify.com/s/files/1/0260/2821/2269/files/TudungPeople-Najwa-Sport-Lite-Lightblue-a.jpg?v=1785289984,https://tudungpeople.com/products/nano-najwa-sport-lite-3-0-light-blue,89.00,89.00,MYR,unknown,Tan,#cfa799,summer,,true
(Nano) Najwa Sport Pro 3.0 - Emerald,TudungPeople,tudungpeople,hijabs,women,Active,https://cdn.shopify.com/s/files/1/0260/2821/2269/files/TudungPeople-Najwa-Sport-Pro-Emerald-a.jpg?v=1785291375,https://tudungpeople.com/products/nano-najwa-sport-pro-3-0-emerald,99.00,99.00,MYR,in_stock,Charcoal,#283b3a,winter,,true
(Nano) Najwa Sport Pro 3.0 - Maroon,TudungPeople,tudungpeople,hijabs,women,Active,https://cdn.shopify.com/s/files/1/0260/2821/2269/files/TudungPeople-Najwa-Sport-Pro-Maroon-a.jpg?v=1785291443,https://tudungpeople.com/products/nano-najwa-sport-pro-3-0-maroon,99.00,99.00,MYR,in_stock,Maroon,#531424,winter,deep-winter,true
(Nano) Najwa Sport Niya 3.0 - Dark Purple,TudungPeople,tudungpeople,hijabs,women,Active,https://cdn.shopify.com/s/files/1/0260/2821/2269/files/TudungPeople-Najwa-Sport-Niya-Dark-Purple-a.jpg?v=1785291771,https://tudungpeople.com/products/nano-najwa-sport-niya-3-0-dark-purple,89.00,89.00,MYR,in_stock,Black,#3a1022,winter,deep-winter,true
(Nano) Najwa Sport Lite 3.0 - Maroon,TudungPeople,tudungpeople,hijabs,women,Active,https://cdn.shopify.com/s/files/1/0260/2821/2269/files/TudungPeople-Najwa-Sport-Lite-Maroon-a.jpg?v=1785289956,https://tudungpeople.com/products/nano-najwa-sport-lite-3-0-maroon,89.00,89.00,MYR,unknown,Maroon,#590620,winter,deep-winter,true
(Nano) Najwa Sport Lite 3.0 - Ash Brown,TudungPeople,tudungpeople,hijabs,women,Active,https://cdn.shopify.com/s/files/1/0260/2821/2269/files/TudungPeople-Najwa-Sport-Lite-Ashbrown-a.jpg?v=1785289968,https://tudungpeople.com/products/nano-najwa-sport-lite-3-0-ash-brown,89.00,89.00,MYR,unknown,Brown,#5b3c44,autumn,,true
(Nano) Najwa Sport Lite 3.0 - Dark Brown,TudungPeople,tudungpeople,hijabs,women,Active,https://cdn.shopify.com/s/files/1/0260/2821/2269/files/TudungPeople-Najwa-Sport-Lite-DarkBrown-a.jpg?v=1785289960,https://tudungpeople.com/products/nano-najwa-sport-lite-3-0-dark-brown,89.00,89.00,MYR,unknown,Charcoal,#3d2623,autumn,deep-autumn,true
(Nano) Najwa Sport Lite 3.0 - Emerald,TudungPeople,tudungpeople,hijabs,women,Active,https://cdn.shopify.com/s/files/1/0260/2821/2269/files/TudungPeople-Najwa-Sport-Lite-Emerald-a.jpg?v=1785289979,https://tudungpeople.com/products/nano-najwa-sport-lite-3-0-emerald,89.00,89.00,MYR,unknown,Charcoal,#1e2e2d,winter,,true
Najwa Sport Khimar 3.0 - Dark Purple,TudungPeople,tudungpeople,hijabs,women,Active,https://cdn.shopify.com/s/files/1/0260/2821/2269/files/TudungPeople-Najwa-Sport-Khimar-DarkPurple-a.jpg?v=1785289135,https://tudungpeople.com/products/najwa-sport-khimar-3-0-dark-purple,89.00,89.00,MYR,in_stock,Black,#3b051a,winter,deep-winter,true
(Nano) Najwa Sport Lite 3.0 - Dark Purple,TudungPeople,tudungpeople,hijabs,women,Active,https://cdn.shopify.com/s/files/1/0260/2821/2269/files/TudungPeople-Najwa-Sport-Lite-DarkPurple-a.jpg?v=1785289951,https://tudungpeople.com/products/nano-najwa-sport-lite-3-0-dark-purple,89.00,89.00,MYR,unknown,Black,#3e0c25,winter,deep-winter,true
